{
  "pre_transfer_scores": [
    0.5058073699474335,
    0.5028099715709686
  ],
  "post_transfer_scores": [
    0.5046515464782715,
    0.5066115856170654
  ],
  "pre_avg": 0.504308670759201,
  "post_avg": 0.5056315660476685,
  "transfer_gain_pct": 0.2623185689978088
}