{
  "dataset": "KDD-Cup-99-SA-10percent",
  "n_features": 41,
  "seq_len": 16,
  "bgce": {
    "accuracy": 0.9980612447802744,
    "precision": 0.9984775734863567,
    "recall": 0.9969597754911131,
    "f1": 0.9977180972441636,
    "auc": 0.9999394511336268,
    "confusion": [
      [
        11551,
        13
      ],
      [
        26,
        8526
      ]
    ]
  },
  "random": {
    "accuracy": 0.5000994233446013,
    "precision": 0.4251443360541509,
    "recall": 0.4994153414405987,
    "f1": 0.4592966985697387,
    "auc": 0.5003297223504836
  },
  "latency_ms": {
    "mean_ms": 5.778400300368958,
    "std_ms": 0.6387736556629046
  },
  "train_time_sec": 34.47200417518616,
  "pass": true
}