{
  "bgce_params": 18634,
  "bgce_metrics": {
    "accuracy": 0.9980612447802744,
    "precision": 0.9984775734863567,
    "recall": 0.9969597754911131,
    "f1": 0.9977180972441636,
    "auc": 0.9999394511336268,
    "confusion": [
      [
        11551,
        13
      ],
      [
        26,
        8526
      ]
    ]
  },
  "bgce_latency_ms": {
    "mean_ms": 5.778400300368958,
    "std_ms": 0.6387736556629046
  },
  "baselines": {
    "Transformer": {
      "metrics": {
        "accuracy": 0.9968681646450587,
        "precision": 0.9956790844330258,
        "recall": 0.9969597754911131,
        "f1": 0.996319018404908,
        "auc": 0.9995059827295382,
        "confusion": [
          [
            11527,
            37
          ],
          [
            26,
            8526
          ]
        ]
      },
      "latency_ms": {
        "mean_ms": 4.224922800312925,
        "std_ms": 0.7265560768676683
      },
      "train_time_sec": 48.512842893600464,
      "params": 69825
    },
    "LSTM": {
      "metrics": {
        "accuracy": 0.9876217935971366,
        "precision": 0.9964127705368887,
        "recall": 0.9743919550982226,
        "f1": 0.9852793378657996,
        "auc": 0.9992597425835932,
        "confusion": [
          [
            11534,
            30
          ],
          [
            219,
            8333
          ]
        ]
      },
      "latency_ms": {
        "mean_ms": 3.230939500099339,
        "std_ms": 0.09937542565947113
      },
      "train_time_sec": 16.746938705444336,
      "params": 60737
    },
    "GRU": {
      "metrics": {
        "accuracy": 0.9957247961821436,
        "precision": 0.9949719363891487,
        "recall": 0.9949719363891487,
        "f1": 0.9949719363891487,
        "auc": 0.999438310169718,
        "confusion": [
          [
            11521,
            43
          ],
          [
            43,
            8509
          ]
        ]
      },
      "latency_ms": {
        "mean_ms": 6.206899600147153,
        "std_ms": 1.143639571750645
      },
      "train_time_sec": 41.9881694316864,
      "params": 45569
    }
  },
  "advantages": [
    "BGCE > Transformer on auc",
    "BGCE > Transformer on f1",
    "BGCE > LSTM on auc",
    "BGCE > LSTM on f1",
    "BGCE > LSTM on recall",
    "BGCE > GRU on auc",
    "BGCE > GRU on f1",
    "BGCE > GRU on recall"
  ],
  "pass": true
}