{
  "h5_1_long_context_recall": {
    "memory_on_f1": 0.07407407407407407,
    "memory_off_f1": 0.1111111111111111,
    "memory_on_acc": 0.5,
    "memory_off_acc": 0.52,
    "delta_f1": -0.037037037037037035
  },
  "h5_2_anomaly_continuity": {
    "auc_with_memory": 0.7508401663695781,
    "auc_without_memory": 0.7647106357694593,
    "delta_auc": -0.013870469399881236
  },
  "pass": false
}