{
  "h1": {
    "intrusion": {
      "auc": 0.6038345864661654,
      "accuracy": 0.5525,
      "f1": 0.5959367945823928,
      "precision": 0.5665236051502146,
      "recall": 0.6285714285714286
    },
    "text": {
      "auc": 0.9343434343434345,
      "accuracy": 0.99,
      "f1": 0.0,
      "precision": 0.0,
      "recall": 0.0
    },
    "long_range": {
      "auc": 0.5,
      "accuracy": 0.49,
      "f1": 0.6577181208053692,
      "precision": 0.49,
      "recall": 1.0
    },
    "status": "PARTIAL"
  },
  "h2": {
    "intrusion": {
      "BGCE": {
        "auc": 0.32338345864661655,
        "accuracy": 0.3975,
        "f1": 0.5010351966873706,
        "precision": 0.4432234432234432,
        "recall": 0.5761904761904761
      },
      "Transformer": {
        "auc": 0.7545363408521302,
        "accuracy": 0.73,
        "f1": 0.6931818181818182,
        "precision": 0.8591549295774648,
        "recall": 0.580952380952381
      },
      "LSTM": {
        "auc": 0.9460902255639096,
        "accuracy": 0.78,
        "f1": 0.7349397590361446,
        "precision": 1.0,
        "recall": 0.580952380952381
      },
      "GRU": {
        "auc": 0.48491228070175435,
        "accuracy": 0.51,
        "f1": 0.125,
        "precision": 1.0,
        "recall": 0.06666666666666667
      },
      "VanillaRetrieval": {
        "auc": 1.0,
        "accuracy": 0.9975,
        "f1": 0.9976133651551312,
        "precision": 1.0,
        "recall": 0.9952380952380953
      }
    },
    "text": {
      "BGCE": {
        "auc": 0.49747474747474746,
        "accuracy": 0.99,
        "f1": 0.0,
        "precision": 0.0,
        "recall": 0.0
      },
      "Transformer": {
        "auc": 0.7676767676767677,
        "accuracy": 0.99,
        "f1": 0.0,
        "precision": 0.0,
        "recall": 0.0
      },
      "LSTM": {
        "auc": 0.9343434343434344,
        "accuracy": 0.99,
        "f1": 0.0,
        "precision": 0.0,
        "recall": 0.0
      },
      "GRU": {
        "auc": 0.7272727272727273,
        "accuracy": 0.99,
        "f1": 0.0,
        "precision": 0.0,
        "recall": 0.0
      },
      "VanillaRetrieval": {
        "auc": 0.4595959595959596,
        "accuracy": 0.99,
        "f1": 0.0,
        "precision": 0.0,
        "recall": 0.0
      }
    },
    "long_range": {
      "BGCE": {
        "auc": 0.5,
        "accuracy": 0.49,
        "f1": 0.6577181208053692,
        "precision": 0.49,
        "recall": 1.0
      },
      "Transformer": {
        "auc": 0.5180072028811524,
        "accuracy": 0.47,
        "f1": 0.3291139240506329,
        "precision": 0.43333333333333335,
        "recall": 0.2653061224489796
      },
      "LSTM": {
        "auc": 0.5,
        "accuracy": 0.49,
        "f1": 0.6577181208053692,
        "precision": 0.49,
        "recall": 1.0
      },
      "GRU": {
        "auc": 0.5,
        "accuracy": 0.49,
        "f1": 0.6577181208053692,
        "precision": 0.49,
        "recall": 1.0
      },
      "VanillaRetrieval": {
        "auc": 0.5060024009603842,
        "accuracy": 0.49,
        "f1": 0.6577181208053692,
        "precision": 0.49,
        "recall": 1.0
      }
    },
    "advantages": [],
    "status": "FAIL"
  },
  "h3": {
    "poisoning": {
      "0.1": 0.0,
      "0.3": 0.0,
      "0.5": 0.0,
      "0.7": 0.0,
      "1.0": 0.0
    },
    "graph_corruption": {
      "0.0": 1.0,
      "0.2": 1.0,
      "0.4": 1.0,
      "0.6": 1.0,
      "0.8": 1.0,
      "1.0": 1.0
    },
    "sleep_disruption": {
      "episodes_normal": 91,
      "episodes_no_sleep": 200,
      "nodes_normal": 8,
      "nodes_no_sleep": 8
    },
    "retrieval_saturation": {
      "10": 4.874229998677038e-05,
      "50": 4.322330000832153e-05,
      "100": 6.03132999913214e-05,
      "500": 0.0001450807999844983,
      "1000": 0.00046689979999428035,
      "2000": 0.00047878780001155976
    },
    "sequence_overload": {
      "latency_ms": {
        "8": 1.2104669999644102,
        "16": 1.1906170002475847,
        "32": 1.3617879999401339,
        "64": 1.8417500000396103,
        "128": 2.673936000064714,
        "256": 4.254333999597293,
        "512": 7.675455000025977
      },
      "memory_mb": {
        "8": 0.0,
        "16": 0.0,
        "32": 0.0,
        "64": 0.0,
        "128": 0.0,
        "256": 0.0,
        "512": 0.0
      }
    },
    "noisy_inputs": {
      "0.0": 0.014097767882049084,
      "0.2": 0.026481855660676956,
      "0.5": 0.049818385392427444,
      "1.0": 0.07612665742635727,
      "2.0": 0.09819615632295609,
      "5.0": 0.11495581269264221
    },
    "domain_shift": {
      "total_episodes": 200,
      "domain_a_retrieved": 5,
      "retention_rate": 1.0
    },
    "status": "COMPLETE"
  },
  "h4": {
    "artifacts": [
      "reproduce.sh",
      "requirements.lock",
      "REPRODUCIBILITY_GUIDE.md"
    ],
    "status": "PASS"
  },
  "h5": {
    "long_context_recall": {
      "retrieved_on": 3,
      "retrieved_off": 0,
      "delta": 3
    },
    "anomaly_continuity": {
      "contrast_on": -0.0008198393715752594,
      "contrast_off": -0.00016072293122609826,
      "delta": -0.0006591164403491612
    },
    "episodic_recovery": {
      "recovered": false,
      "rank": null
    },
    "multi_step_adaptation": {
      "pattern_a_retention_on": 5,
      "pattern_a_retention_off": 0
    },
    "improvements": [
      "long_context_recall",
      "multi_step_adaptation"
    ],
    "status": "PASS"
  }
}