{
  "pre_scores": {
    "cyber": 0.3900648206472397,
    "learn": 0.33297406174242494,
    "crypto": 0.3308269575238228
  },
  "post_scores": {
    "cyber": 0.3211568772792816,
    "learn": 0.35688766464591026,
    "crypto": 0.3308269575238228
  },
  "avg_pre": 0.35128861330449584,
  "avg_post": 0.33629049981633824,
  "improvement_pct": 38.01863291148502,
  "discrimination_pre": 0.006590747584899304,
  "discrimination_post": 0.006590747584899304,
  "edges_pre": 9,
  "edges_post": 9
}