{
  "metadata": {
    "device": "cpu",
    "torch_version": "2.10.0+cpu",
    "timestamp": "2026-06-10 14:39:56"
  },
  "scan_speedup": {
    "L32_dS4": {
      "L": 32,
      "d_state": 4,
      "sequential_ms": {
        "mean": 1.3175305496588408,
        "std": 0.048568484784483355,
        "min": 1.2265469995327294,
        "max": 1.3953179986856412
      },
      "parallel_ms": {
        "mean": 0.8834965998175903,
        "std": 0.01195303131952949,
        "min": 0.8677749992784811,
        "max": 0.9187859996018233
      },
      "speedup": {
        "min": 1.3458161106533377,
        "mean": 1.4919037518712928,
        "max": 1.6023127746906332
      },
      "parallel_is_faster": true
    },
    "L64_dS4": {
      "L": 64,
      "d_state": 4,
      "sequential_ms": {
        "mean": 2.2070791499572806,
        "std": 0.021322202073296322,
        "min": 2.159352001399384,
        "max": 2.244852999865543
      },
      "parallel_ms": {
        "mean": 1.3383872002123098,
        "std": 0.01959069140124254,
        "min": 1.3054370010650018,
        "max": 1.388767999742413
      },
      "speedup": {
        "min": 1.6122589254683208,
        "mean": 1.649379953325796,
        "max": 1.715136768108977
      },
      "parallel_is_faster": true
    },
    "L128_dS4": {
      "L": 128,
      "d_state": 4,
      "sequential_ms": {
        "mean": 3.820257949973893,
        "std": 0.16255294998162773,
        "min": 3.6185409990139306,
        "max": 4.051662999700056
      },
      "parallel_ms": {
        "mean": 1.3858029499715485,
        "std": 0.08710962012972727,
        "min": 1.2619179997273022,
        "max": 1.5100990003702464
      },
      "speedup": {
        "min": 2.4252988292102886,
        "mean": 2.7729249741469277,
        "max": 3.1704786637049573
      },
      "parallel_is_faster": true
    },
    "L256_dS4": {
      "L": 256,
      "d_state": 4,
      "sequential_ms": {
        "mean": 5.11805185024059,
        "std": 0.20612869328685324,
        "min": 4.950578000716632,
        "max": 5.796852999992552
      },
      "parallel_ms": {
        "mean": 1.4954264998777944,
        "std": 0.23235061408980923,
        "min": 1.373797998894588,
        "max": 2.2321529995679157
      },
      "speedup": {
        "min": 2.2619860738540942,
        "mean": 3.4777123433045185,
        "max": 3.99343568938371
      },
      "parallel_is_faster": true
    },
    "L512_dS4": {
      "L": 512,
      "d_state": 4,
      "sequential_ms": {
        "mean": 10.01340654975138,
        "std": 0.20341744043886034,
        "min": 9.63625599979423,
        "max": 10.555430999374948
      },
      "parallel_ms": {
        "mean": 1.9102779500826728,
        "std": 0.06577644005789518,
        "min": 1.8604810011311201,
        "max": 2.1631620002153795
      },
      "speedup": {
        "min": 4.454708430914918,
        "mean": 5.248616472324311,
        "max": 5.562220290328327
      },
      "parallel_is_faster": true
    },
    "L32_dS8": {
      "L": 32,
      "d_state": 8,
      "sequential_ms": {
        "mean": 0.922789299966098,
        "std": 0.011355821148007242,
        "min": 0.9048350002558436,
        "max": 0.9450449997530086
      },
      "parallel_ms": {
        "mean": 0.6430251997699088,
        "std": 0.01034087901547708,
        "min": 0.6290040000749286,
        "max": 0.6624239995289827
      },
      "speedup": {
        "min": 1.38368326215143,
        "mean": 1.4354354429144072,
        "max": 1.4882144120220135
      },
      "parallel_is_faster": true
    },
    "L64_dS8": {
      "L": 64,
      "d_state": 8,
      "sequential_ms": {
        "mean": 1.7144578502666263,
        "std": 0.24909336112245115,
        "min": 1.5383090012619505,
        "max": 2.3773640004947083
      },
      "parallel_ms": {
        "mean": 1.01575579992641,
        "std": 0.04109574363073036,
        "min": 0.9810850006033434,
        "max": 1.1365369991835905
      },
      "speedup": {
        "min": 1.5109616730778954,
        "mean": 1.6857038538023477,
        "max": 2.2396775826560362
      },
      "parallel_is_faster": true
    },
    "L128_dS8": {
      "L": 128,
      "d_state": 8,
      "sequential_ms": {
        "mean": 2.8418688501915312,
        "std": 0.03526775413398772,
        "min": 2.7982060000795173,
        "max": 2.911417001087102
      },
      "parallel_ms": {
        "mean": 1.18152730010479,
        "std": 0.02114685645673766,
        "min": 1.1526569996931357,
        "max": 1.2276370016479632
      },
      "speedup": {
        "min": 2.2793431578905197,
        "mean": 2.40602391372744,
        "max": 2.479882213732598
      },
      "parallel_is_faster": true
    },
    "L256_dS8": {
      "L": 256,
      "d_state": 8,
      "sequential_ms": {
        "mean": 6.7927530001725245,
        "std": 0.6422957734983887,
        "min": 6.076315001337207,
        "max": 8.078245999058709
      },
      "parallel_ms": {
        "mean": 2.5666882001132763,
        "std": 0.20525295316496836,
        "min": 2.3736030016152654,
        "max": 3.077907998886076
      },
      "speedup": {
        "min": 2.132844127414887,
        "mean": 2.6621732844499535,
        "max": 3.3680633250427108
      },
      "parallel_is_faster": true
    },
    "L512_dS8": {
      "L": 512,
      "d_state": 8,
      "sequential_ms": {
        "mean": 12.451060000057623,
        "std": 0.5523786710527133,
        "min": 11.908589000086067,
        "max": 14.433222000661772
      },
      "parallel_ms": {
        "mean": 3.917314500085922,
        "std": 0.2243134531356028,
        "min": 3.584300999136758,
        "max": 4.383025001516216
      },
      "speedup": {
        "min": 2.800643618276196,
        "mean": 3.190639310499025,
        "max": 3.867577244211129
      },
      "parallel_is_faster": true
    },
    "L32_dS16": {
      "L": 32,
      "d_state": 16,
      "sequential_ms": {
        "mean": 1.1841067998830113,
        "std": 0.0930028951120391,
        "min": 1.0763160007627448,
        "max": 1.5418490002048202
      },
      "parallel_ms": {
        "mean": 0.8581514499383047,
        "std": 0.054386626256835616,
        "min": 0.7859339984861435,
        "max": 1.013015998978517
      },
      "speedup": {
        "min": 1.1935004335392554,
        "mean": 1.3823319921298731,
        "max": 1.6141615115482828
      },
      "parallel_is_faster": true
    },
    "L64_dS16": {
      "L": 64,
      "d_state": 16,
      "sequential_ms": {
        "mean": 1.924238000447076,
        "std": 0.060019650212216065,
        "min": 1.8036199999187374,
        "max": 2.04271100119513
      },
      "parallel_ms": {
        "mean": 1.3668648502061842,
        "std": 0.05730598043914721,
        "min": 1.2680670006375294,
        "max": 1.5447390014742268
      },
      "speedup": {
        "min": 1.2833608934885972,
        "mean": 1.4095642481645003,
        "max": 1.5346594463564802
      },
      "parallel_is_faster": true
    },
    "L128_dS16": {
      "L": 128,
      "d_state": 16,
      "sequential_ms": {
        "mean": 4.79620355008592,
        "std": 0.1376891376587914,
        "min": 4.5440659996529575,
        "max": 5.009508000512142
      },
      "parallel_ms": {
        "mean": 2.994365749964345,
        "std": 0.09177210279653551,
        "min": 2.820515999701456,
        "max": 3.163408000546042
      },
      "speedup": {
        "min": 1.4906406572954145,
        "mean": 1.6031453524309804,
        "max": 1.6998474751373016
      },
      "parallel_is_faster": true
    },
    "L256_dS16": {
      "L": 256,
      "d_state": 16,
      "sequential_ms": {
        "mean": 8.925007749803626,
        "std": 0.8742539064249207,
        "min": 8.035005999772693,
        "max": 12.233571000251686
      },
      "parallel_ms": {
        "mean": 4.9235402499107295,
        "std": 0.3442766051428957,
        "min": 4.473855999094667,
        "max": 5.894564001209801
      },